[{
  "img": "https://fv5-3.failiem.lv/thumb_show.php?i=5252867xzp&view&v=1",
    "title": "title 1",
    "id": "1"
  },
  {
    "img": "https://fv5-3.failiem.lv/thumb_show.php?i=2dgmskt8df&view&v=1",
    "title": "title 2",
    "id": "2"
  },
  {
    "img": "https://fv5-3.failiem.lv/thumb_show.php?i=4zqeu6vc7j&view&v=1",
    "title": "title 3",
    "id": "3"
  },
  {
    "img": "https://fv5-3.failiem.lv/thumb_show.php?i=r9wq2vqcmk&view&v=1",
    "title": "title 4",
    "id": "4"
  },
  {
    "img": "https://fv5-3.failiem.lv/thumb_show.php?i=db4cs99dwg&view&v=1",
    "title": "title 5",
    "id": "5"
  },
  {
    "img": "https://fv5-3.failiem.lv/thumb_show.php?i=db4cs99dwg&view&v=1",
    "title": "title 6",
    "id": "6"
  },
  {
    "img": "https://fv5-3.failiem.lv/thumb_show.php?i=4r7fz3xsxe&view&v=1",
    "title": "title 7",
    "id": "7"
  },
  {
    "img": "https://fv5-3.failiem.lv/thumb_show.php?i=vk3hn5wg6e&view&v=1",
    "title": "title 8",
    "id": "8"
  }]